file,width,height,transparent,bytes,sha256,purpose
identity/brand-mark-transparent.png,1254,1254,True,271178,b6da26f073bc01d046d5c662813fa680aea5946337cdfdd8ad7a881e0c8522f9,identity
identity/brand-master-yellow.png,1254,1254,False,954826,e8c5042cd2e62633e5140842a1e182210bce61dc532bdcafe8f9bcf51ac7986c,identity
identity/mark-colour-2x.png,2000,1300,True,63438,3e57a8892f105bf4ebe50da98319164bb4d76079d12197f6d9d3d1a2138932f9,identity
identity/mark-colour.svg,vector,vector,SVG; see artboard,4799,7c61866ae5fa2e284dfc2cf33e81c3020c6093544afd25399521f76ee7e47599,identity
identity/mark-ivory-2x.png,2000,1300,False,59494,55736241381e90f2fc2ae4f07ff6d94a9402c08f00f21de84348f615502c927b,identity
identity/mark-ivory.svg,vector,vector,SVG; see artboard,4847,6753d93ce06290116ada45be3b3b77b6ec5e5a30c4dcf6ee6972cee5bed2cff1,identity
identity/mark-mono-ink-2x.png,2000,1300,True,63437,6dd4c80607ab1b01a4b80982799079cb126f53e8b274542cf1d564dbda3e882e,identity
identity/mark-mono-ink.svg,vector,vector,SVG; see artboard,4799,dfb7f0fff7edf2cf96dd72e564915e0489a60f8a674826f0ab530fba4c58862c,identity
identity/mark-mono-white-2x.png,2000,1300,True,49111,c2743cb3640d80ee57884ada1852a5bf3d8a34f8346a0af9bd43652ac5f2f5c8,identity
identity/mark-mono-white.svg,vector,vector,SVG; see artboard,4799,69a225b017daa202f85eb4eca12d56857972c58b16f13d7e5eff81ebe53aae63,identity
identity/mark-reverse-2x.png,2000,1300,True,61792,e1f1a233d0737c62d80e39f71e5be27d11dd2f9133d07bdc6ed0af240fdb57fb,identity
identity/mark-reverse.svg,vector,vector,SVG; see artboard,4799,8c2a697bafd4eb643f27c8eedaea3cba61bd2047909d478078a99646d79e0c23,identity
identity/mark-yellow-2x.png,2000,1300,False,57699,987e362b249e624e9272cf31187f2511759b05c45aa59da58f3beff8714a50e6,identity
identity/mark-yellow.svg,vector,vector,SVG; see artboard,4847,29f9d2defc2fdc3bedd144695f08ba5391335967674e15ef33155accae450674,identity
identity/wordmark-ink-2x.png,1326,380,True,16733,8d14a9c3b014396b01fe37c72d74772cd246df36d6c57c6a8e1ba8498d100b53,identity
identity/wordmark-ink.svg,vector,vector,SVG; see artboard,1927,9513a18a1e9209ce9feab59a1c50618ec44977675ab13604fef0ed819c293b45,identity
identity/wordmark-white-2x.png,1326,380,True,15932,b15c643508929b510ce3948739ed68d6163f4c6a6b35dc53bacdc985be149f32,identity
identity/wordmark-white.svg,vector,vector,SVG; see artboard,1927,18b5977aa13720d16a04b916e26dc0d1a0a6dd974d3e9700da05733581ffad4b,identity
photography/australian-morning-still-life.png,1536,1024,False,2416212,73ea526fc759146a7a8f05979341069d588d9fa501f87f333c4f3d1f04b7e067,photography
photography/morning-note.png,1536,1024,False,2033430,cd15a402894f327069345e87e69dd9deaac2f6ac73a337b6e5ab3eb573002019,photography
photography/park-conversation.png,1536,1024,False,2680303,59fa47cd90c067bbb98a3f20d204b24b8d7480039b01aaa054e0aa7943b3657d,photography
photography/study-cue.png,1122,1402,False,1714835,a129b6570d4585073066b4e0894e106fb4a557489cfd7da8725b68a7d514f958,photography
photography/supportive-conversation.png,1536,1024,False,2161551,cf6552c6990dabddfc82aa6e796ba67160e3325e3cdf7f89f38030e2ebb57aea,photography
exports/abstract-coastal-ribbons.png,1920,1080,True,67560,22d4022d98e16a6941b6584149d878af1e1d86b8eefc186301b470787d30a0ee,exports
exports/abstract-focus-orbits.png,1920,1080,True,73242,420093ca8dece4e785014d5905dd2503451ae9d464901c3a1cd9754c27b44874,exports
exports/abstract-folded-path.png,1920,1080,True,34295,5d1d9d60c4ee9c47cafbad9f9da7a3afb1bdfa333b3c503d88ed36c0877ec140,exports
exports/abstract-paper-shapes.png,1920,1080,True,29663,cce72fdc24a9ea7142a84e4c16124dae97586ae7898a085299eeadf0055dbf2f,exports
exports/abstract-sandstone-arches.png,1920,1080,True,31015,8e7cea53dea896e2251ca8f431a9a4c43ce176e71c509c13fbfa79eec0754e7b,exports
exports/abstract-sun-disc.png,1920,1080,True,27286,0ca3f76ebba93c6388d6d3ed2f5c1ea263ae49b7bfc62e5ef16ea0f3c9621ac0,exports
exports/accent-arrow-ink.png,600,240,True,3186,54b13ed6e723955898d5bdcaec0ce3b5c96096f1d5ec37fa227fcca1bb9db9cd,exports
exports/accent-arrow-white.png,600,240,True,2792,cef3be14d4ace0a38485078298178aa37a60e72d6fdced406d21019e524ef0a1,exports
exports/accent-stop.png,256,256,True,888,e624968f3c2a911595e3b38e5199b4f9dd3e5249c1dd1343a46dbbef1672db41,exports
exports/article-banner.png,1600,900,False,975764,3ddbdda94e205af867a414636c20a1398f34a2bb405073d4111a4f3cb7553705,exports
exports/au-banksia.png,512,512,True,14713,15156f3a1e3c1fef3456218f087069c5dc5b9f9d31e32d05780d04104db452d2,exports
exports/au-breathing-space.png,512,512,True,25645,c111fa6f7e60dac4fe08e8b953f41d652752ccd89b7fe6711bcf40eb662d47f9,exports
exports/au-coastal-sun.png,512,512,True,16236,26a49b853631c868e84527dfc247c205f381f3a4e6c84eef449112c044e137a6,exports
exports/au-coastal-walk.png,512,512,True,13456,6818332b5ee535b8fa275e2aab03e836fee5af695618649d477506802ce1d1ff,exports
exports/au-eucalyptus.png,512,512,True,14571,22cd1d01e151d94a47e584800d6d664e0f72d7475aa53da7f9924167ac0a3b8b,exports
exports/au-gum-leaf.png,512,512,True,16070,21bd94937e3de950920826763a964aaa594296725efeda4877075541834ca1df,exports
exports/au-notebook-cue.png,512,512,True,3907,9ece9b67e7c8b593bacb60de374571a457b43e4d8a7228e9204453877b03f349,exports
exports/au-quiet-headphones.png,512,512,True,9656,2889de290bfad596824b71c5078e94377d6c8c9ce5a63d41a89108372ac0e5c0,exports
exports/au-sandstone-ridge.png,512,512,True,9812,8dcf0b4a544bab5695161a7902a653142fcbe22791cc99430cb7791d33bcd634,exports
exports/au-seed-pod.png,512,512,True,6961,297350f7ae5a48dc31356944624258a8341dd3dcaf6858c6cfce401b93598b55,exports
exports/au-tea-pause.png,512,512,True,8795,a044cf31234d3379d35af272f9554a70767c5337e3d13013f8e8a7d4fd0211cf,exports
exports/au-wattle.png,512,512,True,13867,65b72cb5b92c2360de17180ea478dbe1885b371ce845d06e156b36e450540a90,exports
exports/carousel-01.png,1080,1080,False,29732,380a134d3d5e3761867bd228f558075e9b003f3517900077f7e3f20c4947f292,exports
exports/carousel-02.png,1080,1080,False,41347,c9d82a530379ea47b354e232921ef8c5924cb90e922e1d700f3b50a0a394566a,exports
exports/carousel-03.png,1080,1080,False,44265,2e6b6d3cbc61cda64d75359bcd7eb0beba45fedd2c8cf5a5998f5b9234d3dd00,exports
exports/editorial-cover.png,1600,2000,False,1597624,b021cce4e7292f97ce5c67e8133ad0087473cea3b9bc4e74efa62f85045e8c2f,exports
exports/editorial-rule.png,1600,96,True,957,e395119e20f1a437fb06daac11f80141bb54e36f62255c3fc9012406c9f9a58e,exports
exports/info-sheet-a4-300ppi.png,2480,3508,False,235958,af69ae4c11d3e7616476077300f1fb7415a342517758ca6eeea0fa99aab2971b,exports
exports/info-sheet.png,1240,1754,False,97498,f734464b21baf932f501e09b713b3830a067700a80d9592648800015eb1ade34,exports
exports/linkedin-landscape-627.png,1200,627,False,565150,0281603117f81fe755aeb015b19472f87e0bf73495102b560092df5bf0ed6aca,exports
exports/linkedin-landscape-628.png,1200,628,False,565978,dde168b1ef4768bc8b8fafd449d229830a2e34158b83e777292f202fc8b6e19e,exports
exports/linkedin-portrait.png,720,900,False,464987,02a2c18e4c35ed529413e8b5aefd82f54c2e53d2bbf8257be5b3bc69fd1c5d7e,exports
exports/linkedin-square.png,1200,1200,False,931599,4cab649452edd4d3a492a5768e705d27057ab15a77c56a2157481f695e05b76d,exports
exports/name-badge.png,1063,591,False,22263,af15bc85411b5e6843aeda6c17511cd241ed7f416d6ae405662c131bc6e2b37b,exports
exports/name-bar-dark-1920.png,1920,360,True,15001,3034e4b47e5be864c20136ff2facca02864ef1b2d7eb4eb3e2a2cf423603ccdf,exports
exports/name-bar-light-1920.png,1920,360,True,14807,9375b00afa866cf8ed35b2c81263e5069c0e43fbaff36fe56e4259d2ffb64acf,exports
exports/name-bar.png,1600,360,True,14168,d7421aaf93e4e6aeab6d5f38c5554ca64edc5ae8e3731e32179faf32acad179d,exports
exports/newsletter-australian-pause.png,1200,600,False,610327,8fd3e94714de11fc5a63b88aa34e370d1494e50c23781dc33a2a9f767469a2f5,exports
exports/newsletter-feature-1320.png,1320,660,False,417809,49a0c22c389d9d98669ef9425859a2702f468d1987d66be492d5baa9ca95e249,exports
exports/newsletter-feature.png,1200,600,False,357093,a7360629017f8e173e299c2421d89f67d5d654df4b5b2fbaa66405677824c0b2,exports
exports/newsletter-header-1320.png,1320,660,False,637216,a79b2402651fe5e48761555c38c51baa89bfed8b847cd54012902fb26b9d121e,exports
exports/newsletter-header.png,1200,600,False,543171,95bf4183c6a6709877b1b39929e8d378561e299721169272d12c31d16e714a51,exports
exports/pamphlet-coastal-edge.png,1240,1754,True,48833,b8ebf45f4e1fce1745ff03bddb4119ddfa35aff7efa9c9db1d48734f474a3172,exports
exports/pamphlet-inside-a4-300ppi.png,3508,2480,False,2575070,ee9a91124178d509bdaa8435640a73d9decb893e2bcc4c22299d0dedfd599bcb,exports
exports/pamphlet-inside.png,1754,1240,False,753454,832883fc853521126b58891c5d5d7e3b4ae5b02dcd0a468daddcc8ec3ccf0ee2,exports
exports/pamphlet-outside-a4-300ppi.png,3508,2480,False,1310573,3dfb98c35569feda1ebeced6dff089521856980ea39aeaa4326bb61c718276f8,exports
exports/pamphlet-outside.png,1754,1240,False,403152,1991710e08c89f18d1c2d3f9eb2ff320b3334e848d6fef9f9fecc61d4659bf30,exports
exports/pamphlet-wattle-edge.png,1240,1754,True,36791,9cec7dd996deeadcc1b37d2c4d64cbb2e9bca7bfe6a01c9ad5d61730b921f805,exports
exports/photo-frame-portrait.png,1080,1350,True,11366,bdb839d678a669616bdc9f1c86f3daf7b9a5e636ba0f5e7b78b6d17865ae0611,exports
exports/poster-a-series-a4-300ppi.png,2480,3508,False,110306,d4396e1fbc2e3363adce0b39b00d3f0b6dbb707c4d9c9bb05ccd7504d67cbbe8,exports
exports/poster-a-series.png,1240,1754,False,49211,e1b8393e3d603beebfe65367de22e00f2d0a76c1e08e6feb23cbeebb287b858c,exports
exports/presentation-australian-pause.png,1920,1080,False,1459275,766c53fa94c16a8be6e9245eb7bde824b2088ae5eaebaafb62b79d1eaa0a8d70,exports
exports/presentation-cover.png,1920,1080,False,874962,6a1262e4bbc4102be2a5b042a3048131158ed714704f27402f0d66777deb324b,exports
exports/presentation-divider.png,1920,1080,False,57813,2b81c4e17f4cf974551c68d1c93fa389c83fbdc5693e9a9bb62d1aba6c43e8e6,exports
exports/presentation-framework.png,1920,1080,False,74625,223b31f1bf9362b9bfe82b65618fe58b946f47ba5d3c1720181fae0ecf21d64e,exports
exports/program-cover-a4-300ppi.png,2480,3508,False,3874730,09255dad80cc5bf3754c1bbf6df44e599ef9e8bdf358673e52450f9275e65903,exports
exports/program-cover.png,1240,1754,False,1366142,f9e33f3cb1d2b2ef879b4da74607708f97619697cc159b336631ffd0b5ba6e60,exports
exports/quote-mark-yellow.png,512,384,True,4411,7533f0e393c2cd0bddb9b59798fdd7ddb9a92ec069445c8ef64de0344f316fc1,exports
exports/reflection-worksheet-a4-300ppi.png,2480,3508,False,140845,cc7796bf410d45662e30c15d43f305ae37950cea00f003f4bc048c54f6fb20bd,exports
exports/reflection-worksheet.png,1240,1754,False,59230,f3bab7a5f1f867847c2405571fbdf5558e41a130722844b3a167a2d67da994fa,exports
exports/slide-coastal-ribbons.png,1920,1080,False,56542,78e1f83155acba2a6a22e08c018ce28326360f908ea0aa8bcfecfb74988a9c92,exports
exports/slide-corner-frame.png,1920,1080,True,10755,10ebaaf148eccf4668ff7c6ed69af5e635763320e85cd7771122610580136783,exports
exports/slide-focus-orbits.png,1920,1080,False,62593,cb62caa60d7809ac50454d917ba92eb1c5614658289367f91f5c146c1ef51082,exports
exports/slide-folded-path.png,1920,1080,False,27801,49a24b6dbfe6c09f9e24646d245eb8b6b4855c05130d1d655664b014ab9779e2,exports
exports/slide-paper-shapes.png,1920,1080,False,24770,74e1ddb60779d0df8087d26e5e9f9a68b538dc4186821b87d606cb5bfbfb53e4,exports
exports/slide-sandstone-arches.png,1920,1080,False,26745,972aa74643bc76385f825375d5b9858306afdf38765c86a20ed8a90d5873a35d,exports
exports/slide-sun-disc.png,1920,1080,False,22525,9f8c79a1a15cd40ce294d3de74d00edc95e9fb988da4775e6142340efecb8194,exports
exports/social-australian-pause.png,1080,1080,False,857578,a24707317b80e9aa659c5f1701d0cc07e2af3493f292712cbbcce18d90cda660,exports
exports/social-conversation.png,1080,1080,False,863488,ea1cd799c18821e49025b259434b28aee9eead8614fb6aa1267f25df81b15741,exports
exports/social-portrait.png,1080,1350,False,884858,0fb1175684a2e4531bf9ec127cfdf40984fd28d7cb56a598f7d081d9ab7c5804,exports
exports/social-square.png,1080,1080,False,793688,a72928f315b9850db6d3bcce2538803be1776649e4b25f3cbe6f727b97661c76,exports
exports/speaker-card.png,1600,900,False,31373,61f51a1907857648ec1b174b9283fc9096440aa3100ede57e6ae6e71ac563c5c,exports
exports/story-static.png,1080,1920,False,1222700,0ef00c9adb1ec81037b30e798c0c6d4e6a27331d499e9d71eff62a09bb5336cb,exports
graphics/abstract-coastal-ribbons.svg,vector,vector,SVG; see artboard,528,abd6fd85e50ad386f1800aaa4a651f47ee9e03f9d492386b59af91165385dd42,graphics
graphics/abstract-focus-orbits.svg,vector,vector,SVG; see artboard,493,339d21da492b0f95af85a57b8f36da01655ea01ab915a5de671e9ecbe9867bfb,graphics
graphics/abstract-folded-path.svg,vector,vector,SVG; see artboard,248,255647914cc8b0974da38021c7fec5d401130d9932b7fb3a0f09452090be6fc4,graphics
graphics/abstract-paper-shapes.svg,vector,vector,SVG; see artboard,286,c131b841763c8cd8789f7d365202f0e25c05246a4cf348438b20d689c0fa9a40,graphics
graphics/abstract-sandstone-arches.svg,vector,vector,SVG; see artboard,400,669451bbe275a3c428831d726f77d83ae98247981c487370832164518906511f,graphics
graphics/abstract-sun-disc.svg,vector,vector,SVG; see artboard,204,3ffbcd35d971976613808524fafefc211e43092d0334463d927c4cf8db94630c,graphics
graphics/accent-arrow-ink.svg,vector,vector,SVG; see artboard,246,449f4c93db3ad979983040742c687aca0e457f7d6e3668b0a533c2e49088a2c8,graphics
graphics/accent-arrow-white.svg,vector,vector,SVG; see artboard,248,8b6cd379563a298bab25fdc5b58836ed9a82e00a9d23b9f59c182ae0296c3694,graphics
graphics/accent-stop.svg,vector,vector,SVG; see artboard,166,b21e2f764ea54b9739d40de48944fa57fe27cd3c2c9d64fad936ad30a4f73dda,graphics
graphics/au-banksia.svg,vector,vector,SVG; see artboard,1161,cb80a06fa1ffc518ac8d2699da9a107c7e03a4669a89e018b9b80026d6fcc254,graphics
graphics/au-breathing-space.svg,vector,vector,SVG; see artboard,377,1a3de38ff4e5fcf44daf68cdca15f32916e24234d7a5454d334b011cff584b93,graphics
graphics/au-coastal-sun.svg,vector,vector,SVG; see artboard,557,99183437b736b596f2ab3d6c4246d3fefb171d1c38a3835b5cd24d083cb1640d,graphics
graphics/au-coastal-walk.svg,vector,vector,SVG; see artboard,282,b68bba386e6974e27c2a7b4867bbf8a559503beec8f0d215b21526ab3057c43c,graphics
graphics/au-eucalyptus.svg,vector,vector,SVG; see artboard,677,8cc0392083b357ba82069615e987020cb4f7c1dc52f48f280cd94892cf9c079f,graphics
graphics/au-gum-leaf.svg,vector,vector,SVG; see artboard,288,633fe7236c006685b7882c6a695bf396e03b9bf65cdbb68edd11ed65b908e27a,graphics
graphics/au-notebook-cue.svg,vector,vector,SVG; see artboard,425,a1016d600f36247c7863aaccc675832f3be43e831e3543fe5a0bd601bc9924b8,graphics
graphics/au-quiet-headphones.svg,vector,vector,SVG; see artboard,382,ee06c3439d017531bc8199a21bf51fc4aac23cc06954ec239d87e405b4b1bea8,graphics
graphics/au-sandstone-ridge.svg,vector,vector,SVG; see artboard,413,f0fe52505dba4bfaa7ac017c9910ac71bbe7b377f3e5eea6eb41f3abae8bbdda,graphics
graphics/au-seed-pod.svg,vector,vector,SVG; see artboard,443,e4d7f2dcb98f328dfdb9a14aca3b45f3634cedfd2ddba73d1371b6040b7c678d,graphics
graphics/au-tea-pause.svg,vector,vector,SVG; see artboard,464,3efca18dcd745827b3ed926be4e71d459836f86282eccf633a373abae486a184,graphics
graphics/au-wattle.svg,vector,vector,SVG; see artboard,700,e8ef26217ba20e533e9e8fe1d5f140c1ed6c0610ac8056d3b7c2f18ca5f9970b,graphics
graphics/coastal-paper-art.png,1536,1024,False,2960456,1da1e734f38d21a207d57e9e5cbe1d538036a5df4b22fe35716495abce1395d9,graphics
graphics/editorial-rule.svg,vector,vector,SVG; see artboard,226,ef21760c9f9e15eadb67662b8186a4f67da1c83717748751bc4e7ef9ec0d9e1d,graphics
graphics/pamphlet-coastal-edge.svg,vector,vector,SVG; see artboard,506,fa84dbc96c72971c4ce9f58d7968abd0c531af89553bcf0423fc53b48c1a094b,graphics
graphics/pamphlet-wattle-edge.svg,vector,vector,SVG; see artboard,893,54546c01147b16b2a72b577cd42a84c144caca51ee6ae1cd05244465103114ff,graphics
graphics/photo-frame-portrait.svg,vector,vector,SVG; see artboard,281,993a7e782448f2e923bbfb23dcef455f01054af032aa9a434344878f5c4a985d,graphics
graphics/quote-mark-yellow.svg,vector,vector,SVG; see artboard,232,6908643d3b66c470f1737c22d25889bd9b80bdcbf029ce90c9721fa636c50aea,graphics
graphics/slide-coastal-ribbons.svg,vector,vector,SVG; see artboard,569,05cd38b229ae7c6a9c5b28bfda95c58aeef8e3c3954543681d5a33994b321e46,graphics
graphics/slide-corner-frame.svg,vector,vector,SVG; see artboard,266,ba461c7b99329ddf9ed9c15f1d5f95384b229b81e6298debfb44506af978fb8e,graphics
graphics/slide-focus-orbits.svg,vector,vector,SVG; see artboard,534,e12453355794e0772be52c73e29e88dd840f58e1243b95c0115fbb5953be9aa8,graphics
graphics/slide-folded-path.svg,vector,vector,SVG; see artboard,289,441e466f0afec51d3855944627bc98a425f08082ba296391da1f10a66a27c5a2,graphics
graphics/slide-paper-shapes.svg,vector,vector,SVG; see artboard,327,3c97f49b6351bb4a48ce962badd4dff660cf4448c94963d50082c0221bff0d38,graphics
graphics/slide-sandstone-arches.svg,vector,vector,SVG; see artboard,441,a70513db343f303761d67dd131c7d730b2f02611e94bd425089f710b10f59b9a,graphics
graphics/slide-sun-disc.svg,vector,vector,SVG; see artboard,245,b3ba1a2413a9d3f18fa7baa8bc14e10f14fa9cb7f10d14002c0a920d514d179e,graphics
